,statecode,tech,bc_hundred,bc_oneG,bc_ten,bc_twentyfive,blockcode,hundred_fifty,oneG,providername,ten,twentyfive_three,type
0,42,Cable,0,0,42017,41602,276763,0.0,0,27,42228.0,41810.0,business
1,42,Fiber,55143,0,56970,56723,167488,60638.0,0,59,63331.0,62954.0,business
2,42,Fixed Wireless,17,0,13850,11227,51934,17.0,0,23,14095.0,11449.0,business
3,42,Other,79,0,1044,955,5916,84.0,0,26,1149.0,1037.0,business
4,42,Satellite,0,0,406138,0,421086,0.0,0,4,406138.0,0.0,business
5,42,aDSL,0,0,10499,3580,245679,0.0,0,45,10762.0,3582.0,business
6,42,Cable,0,0,272901,268601,273019,0.0,0,24,371285.0,359527.0,consumer
7,42,Fiber,133083,0,135847,134740,135938,136922.0,0,28,140570.0,139405.0,consumer
8,42,Fixed Wireless,1,0,16139,4884,59011,1.0,0,22,16359.0,5094.0,consumer
9,42,Other,0,0,99,87,106,0.0,0,4,99.0,87.0,consumer
10,42,Satellite,0,0,421086,0,421545,0.0,0,3,811945.0,0.0,consumer
11,42,aDSL,0,0,50006,14755,258065,0.0,0,33,58352.0,14770.0,consumer
12,42,2G,0,0,0,0,412504,0.0,0,7,0.0,0.0,mobile
13,42,3G,0,0,0,0,414380,0.0,0,5,0.0,0.0,mobile
14,42,4G_LTE,0,0,414284,0,414285,0.0,0,6,1475348.0,0.0,mobile
15,42,4G_NON_LTE,0,0,411815,0,411816,0.0,0,4,664969.0,0.0,mobile
0,19,Cable,0,0,3632,3189,64064,0.0,0,57,4991.0,4458.0,business
1,19,Fiber,17573,0,29569,26798,54352,18366.0,0,156,31981.0,28901.0,business
2,19,Fixed Wireless,68216,0,110191,104287,128328,68216.0,0,74,127183.0,117346.0,business
3,19,Other,76,0,1178,841,1891,76.0,0,16,1205.0,863.0,business
4,19,Satellite,0,0,210934,0,215811,0.0,0,4,210934.0,0.0,business
5,19,aDSL,0,0,14078,7502,95306,0.0,0,125,19882.0,11333.0,business
6,19,Cable,0,0,62063,60919,65242,0.0,0,52,67506.0,65635.0,consumer
7,19,Fiber,10609,0,43238,37461,45559,10715.0,0,142,45445.0,39024.0,consumer
8,19,Fixed Wireless,14412,0,107477,94705,141007,14412.0,0,79,127341.0,104913.0,consumer
9,19,Other,0,0,67,66,70,0.0,0,4,67.0,66.0,consumer
10,19,Satellite,0,0,215811,0,216007,0.0,0,3,421766.0,0.0,consumer
11,19,aDSL,0,0,60110,20881,113627,0.0,0,122,69210.0,20954.0,consumer
12,19,2G,0,0,0,0,215938,0.0,0,13,0.0,0.0,mobile
13,19,3G,0,0,0,0,215939,0.0,0,9,0.0,0.0,mobile
14,19,4G_LTE,0,0,215905,0,215906,0.0,0,10,694934.0,0.0,mobile
15,19,4G_NON_LTE,0,0,191569,0,191570,0.0,0,4,261969.0,0.0,mobile
0,40,Cable,0,0,13291,12758,52668,0.0,0,13,13303.0,12760.0,business
1,40,Fiber,8356,0,14261,12408,15518,8704.0,0,48,15035.0,13158.0,business
2,40,Fixed Wireless,47754,0,68541,64893,155062,47754.0,0,36,73305.0,69637.0,business
3,40,Other,3,0,265,264,979,3.0,0,13,271.0,270.0,business
4,40,Satellite,0,0,255094,0,268180,0.0,0,4,255094.0,0.0,business
5,40,aDSL,0,0,17416,3373,56998,0.0,0,49,17584.0,3488.0,business
6,40,Cable,0,0,67915,64279,71152,0.0,0,11,68455.0,64806.0,consumer
7,40,Fiber,3521,0,11137,8999,11795,3559.0,0,35,11557.0,9411.0,consumer
8,40,Fixed Wireless,818,0,68011,43495,163869,818.0,0,41,73789.0,43983.0,consumer
9,40,Other,0,0,0,0,4,0.0,0,3,0.0,0.0,consumer
10,40,Satellite,0,0,268180,0,269118,0.0,0,3,471011.0,0.0,consumer
11,40,aDSL,0,0,40394,15534,134743,0.0,0,45,40914.0,15708.0,consumer
12,40,2G,0,0,0,0,267436,0.0,0,15,0.0,0.0,mobile
13,40,3G,0,0,0,0,268228,0.0,0,15,0.0,0.0,mobile
14,40,4G_LTE,0,0,267804,0,267805,0.0,0,13,1177269.0,0.0,mobile
15,40,4G_NON_LTE,0,0,259834,0,259835,0.0,0,3,327356.0,0.0,mobile
0,48,Cable,4,0,8030,4396,422279,4.0,0,37,8052.0,4396.0,business
1,48,Fiber,48233,0,59958,57048,101159,50670.0,0,121,65182.0,61724.0,business
2,48,Fixed Wireless,346568,0,449547,363730,589587,467948.0,0,120,684942.0,507192.0,business
3,48,Other,172,0,5718,5280,18063,182.0,0,47,6190.0,5576.0,business
4,48,Satellite,0,0,876637,0,910667,0.0,0,5,876637.0,0.0,business
5,48,aDSL,18,0,11745,5228,172287,18.0,0,86,12010.0,5280.0,business
6,48,Cable,1,0,413885,398193,420125,1.0,0,32,442248.0,421226.0,consumer
7,48,Fiber,23773,0,75943,60054,81847,27150.0,0,74,81432.0,64438.0,consumer
8,48,Fixed Wireless,325,0,441225,352720,597911,325.0,0,126,788273.0,556629.0,consumer
9,48,Other,0,0,68,67,516,0.0,0,13,68.0,67.0,consumer
10,48,Satellite,0,0,910483,0,914231,0.0,0,4,1569711.0,0.0,consumer
11,48,aDSL,86,0,171147,85430,441113,86.0,0,75,177473.0,87215.0,consumer
12,48,2G,0,0,0,0,909037,0.0,0,15,0.0,0.0,mobile
13,48,3G,0,0,0,0,910011,0.0,0,14,0.0,0.0,mobile
14,48,4G_LTE,0,0,903543,0,903544,0.0,0,11,3347335.0,0.0,mobile
15,48,4G_NON_LTE,0,0,907008,0,907009,0.0,0,4,1556821.0,0.0,mobile
0,36,Cable,0,0,3291,3265,279315,0.0,0,18,3321.0,3294.0,business
1,36,Fiber,48350,0,51750,51442,127347,53521.0,0,60,58913.0,58329.0,business
2,36,Fixed Wireless,1333,0,25241,7048,50668,1360.0,0,22,26762.0,7186.0,business
3,36,Other,132,0,1515,1384,7886,140.0,0,27,1766.0,1559.0,business
4,36,Satellite,0,0,336787,0,349710,0.0,0,4,336787.0,0.0,business
5,36,aDSL,0,0,5719,2354,192839,0.0,0,48,7694.0,2381.0,business
6,36,Cable,0,0,279226,279220,279277,0.0,0,15,286157.0,284991.0,consumer
7,36,Fiber,93940,0,100457,99883,100480,93964.0,0,35,100979.0,100403.0,consumer
8,36,Fixed Wireless,9933,0,35691,17175,63805,9933.0,0,19,39222.0,17195.0,consumer
9,36,Other,0,0,111,111,131,0.0,0,3,111.0,111.0,consumer
10,36,Satellite,0,0,349710,0,350169,0.0,0,3,662316.0,0.0,consumer
11,36,aDSL,0,0,33334,3163,198772,0.0,0,40,45429.0,3246.0,consumer
12,36,2G,0,0,0,0,344811,0.0,0,6,0.0,0.0,mobile
13,36,3G,0,0,0,0,346233,0.0,0,4,0.0,0.0,mobile
14,36,4G_LTE,0,0,341850,0,341851,0.0,0,5,1183473.0,0.0,mobile
15,36,4G_NON_LTE,0,0,343132,0,343133,0.0,0,3,546739.0,0.0,mobile
0,13,Cable,1232,0,9722,6636,137235,1232.0,0,38,9880.0,6687.0,business
1,13,Fiber,24835,0,35194,33825,45810,26332.0,0,81,37528.0,36074.0,business
2,13,Fixed Wireless,1,0,14677,14647,17586,1.0,0,19,14678.0,14647.0,business
3,13,Other,68,0,16504,16343,30373,76.0,0,31,16983.0,16655.0,business
4,13,Satellite,0,0,270032,0,291086,0.0,0,4,270032.0,0.0,business
5,13,aDSL,0,0,14339,7549,31323,0.0,0,43,14543.0,7575.0,business
6,13,Cable,0,0,136440,131910,136666,0.0,0,33,149535.0,143456.0,consumer
7,13,Fiber,15158,0,36298,31816,38373,15186.0,0,43,37567.0,32072.0,consumer
8,13,Fixed Wireless,0,0,901,378,3048,0.0,0,16,914.0,378.0,consumer
9,13,Other,0,0,4,2,15,0.0,0,7,4.0,2.0,consumer
10,13,Satellite,0,0,291086,0,291086,0.0,0,3,561118.0,0.0,consumer
11,13,aDSL,0,0,72051,43636,148084,0.0,0,35,73572.0,43862.0,consumer
12,13,2G,0,0,0,0,289031,0.0,0,4,0.0,0.0,mobile
13,13,3G,0,0,0,0,290735,0.0,0,4,0.0,0.0,mobile
14,13,4G_LTE,0,0,289765,0,289766,0.0,0,4,1021901.0,0.0,mobile
15,13,4G_NON_LTE,0,0,289950,0,289951,0.0,0,2,443315.0,0.0,mobile
0,31,Cable,0,0,6486,4222,44106,0.0,0,22,6488.0,4223.0,business
1,31,Fiber,25415,0,27055,26953,48076,34269.0,0,56,36381.0,36174.0,business
2,31,Fixed Wireless,67879,0,107688,83160,163514,67879.0,0,35,159470.0,83490.0,business
3,31,Other,2,0,72,66,3923,2.0,0,11,73.0,67.0,business
4,31,Satellite,0,0,187843,0,187873,0.0,0,4,187843.0,0.0,business
5,31,aDSL,11,0,6149,2956,83797,11.0,0,40,6172.0,2956.0,business
6,31,Cable,0,0,50554,46937,52117,0.0,0,19,50832.0,46952.0,consumer
7,31,Fiber,9088,0,30500,28484,31704,9591.0,0,42,31329.0,29240.0,consumer
8,31,Fixed Wireless,13838,0,118092,64281,166126,13838.0,0,40,186497.0,64297.0,consumer
9,31,Other,0,0,0,0,4,0.0,0,1,0.0,0.0,consumer
10,31,Satellite,0,0,187873,0,193352,0.0,0,3,188249.0,0.0,consumer
11,31,aDSL,51,0,42642,14116,95586,51.0,0,40,45289.0,14116.0,consumer
12,31,2G,0,0,0,0,189518,0.0,0,11,0.0,0.0,mobile
13,31,3G,0,0,0,0,192164,0.0,0,10,0.0,0.0,mobile
14,31,4G_LTE,0,0,191071,0,191072,0.0,0,9,593985.0,0.0,mobile
15,31,4G_NON_LTE,0,0,116125,0,116126,0.0,0,3,135245.0,0.0,mobile
0,5,Cable,0,0,17562,8585,43872,0.0,0,16,18284.0,8586.0,business
1,5,Fiber,7186,0,27166,9091,28045,7312.0,0,36,29338.0,9273.0,business
2,5,Fixed Wireless,41,0,33106,63,40113,41.0,0,16,34014.0,63.0,business
3,5,Other,2,0,19778,232,20113,2.0,0,15,19801.0,232.0,business
4,5,Satellite,0,0,173203,0,186211,0.0,0,4,173203.0,0.0,business
5,5,aDSL,1121,0,22577,2859,54196,1121.0,0,32,24102.0,3291.0,business
6,5,Cable,0,0,47936,40609,51219,0.0,0,16,48850.0,40830.0,consumer
7,5,Fiber,4597,0,25544,24803,25778,4603.0,0,23,26146.0,25353.0,consumer
8,5,Fixed Wireless,40,0,37373,23994,40452,40.0,0,19,38306.0,23995.0,consumer
9,5,Other,0,0,19562,19562,19572,0.0,0,4,19562.0,19562.0,consumer
10,5,Satellite,0,0,186211,0,186211,0.0,0,3,359414.0,0.0,consumer
11,5,aDSL,79,0,51181,35684,95773,79.0,0,31,59423.0,38418.0,consumer
12,5,2G,0,0,0,0,182194,0.0,0,6,0.0,0.0,mobile
13,5,3G,0,0,0,0,184835,0.0,0,6,0.0,0.0,mobile
14,5,4G_LTE,0,0,182975,0,182976,0.0,0,6,601801.0,0.0,mobile
15,5,4G_NON_LTE,0,0,184027,0,184028,0.0,0,2,235812.0,0.0,mobile
0,34,Cable,0,0,6425,6398,139520,0.0,0,10,6437.0,6407.0,business
1,34,Fiber,24427,0,123078,123078,128211,29059.0,0,30,149247.0,149212.0,business
2,34,Fixed Wireless,51,0,1076,344,1079,51.0,0,6,1098.0,350.0,business
3,34,Other,63,0,530,442,126675,73.0,0,27,596.0,491.0,business
4,34,Satellite,0,0,160029,0,169505,0.0,0,4,160029.0,0.0,business
5,34,aDSL,1,0,201,10,99542,1.0,0,23,216.0,10.0,business
6,34,Cable,0,0,137221,137220,137222,0.0,0,7,146098.0,146096.0,consumer
7,34,Fiber,74381,0,74447,74446,74448,74385.0,0,5,74458.0,74453.0,consumer
8,34,Fixed Wireless,0,0,898,898,901,0.0,0,4,898.0,898.0,consumer
9,34,Other,0,0,7,6,10,0.0,0,6,7.0,6.0,consumer
10,34,Satellite,0,0,169505,0,169588,0.0,0,3,328562.0,0.0,consumer
11,34,aDSL,0,0,3688,1005,99616,0.0,0,10,4792.0,1005.0,consumer
12,34,2G,0,0,0,0,169564,0.0,0,4,0.0,0.0,mobile
13,34,3G,0,0,0,0,169560,0.0,0,4,0.0,0.0,mobile
14,34,4G_LTE,0,0,169576,0,169577,0.0,0,4,671008.0,0.0,mobile
15,34,4G_NON_LTE,0,0,168254,0,168255,0.0,0,2,326808.0,0.0,mobile
0,35,Cable,1041,0,1346,1317,29921,1041.0,0,11,1346.0,1317.0,business
1,35,Fiber,613,0,3916,3850,6524,634.0,0,25,3995.0,3924.0,business
2,35,Fixed Wireless,37712,0,43322,41997,82174,37712.0,0,29,43591.0,41999.0,business
3,35,Other,2,0,425,422,720,2.0,0,18,425.0,422.0,business
4,35,Satellite,0,0,165895,0,165895,0.0,0,3,165895.0,0.0,business
5,35,aDSL,0,0,2375,829,53908,0.0,0,28,2400.0,829.0,business
6,35,Cable,0,0,32877,31776,33057,0.0,0,8,32901.0,31800.0,consumer
7,35,Fiber,1870,0,6578,5641,6715,1870.0,0,17,6626.0,5659.0,consumer
8,35,Fixed Wireless,1,0,23132,17810,83876,1.0,0,28,23139.0,17811.0,consumer
9,35,Other,0,0,2,2,27,0.0,0,4,2.0,2.0,consumer
10,35,Satellite,0,0,165895,0,165895,0.0,0,3,165895.0,0.0,consumer
11,35,aDSL,0,0,33355,16281,57690,0.0,0,22,34511.0,16283.0,consumer
12,35,2G,0,0,0,0,159396,0.0,0,9,0.0,0.0,mobile
13,35,3G,0,0,0,0,159180,0.0,0,9,0.0,0.0,mobile
14,35,4G_LTE,0,0,155624,0,155625,0.0,0,6,448510.0,0.0,mobile
15,35,4G_NON_LTE,0,0,150753,0,150754,0.0,0,4,251371.0,0.0,mobile
0,6,Cable,0,0,9880,9409,383844,0.0,0,28,9896.0,9416.0,business
1,6,Fiber,39693,0,45064,44120,87846,42718.0,0,58,51337.0,49764.0,business
2,6,Fixed Wireless,90701,0,265906,241404,357371,90707.0,0,74,272701.0,244876.0,business
3,6,Other,947,0,32578,14803,50743,1001.0,0,39,38708.0,16269.0,business
4,6,Satellite,0,0,691487,0,704635,0.0,0,4,691487.0,0.0,business
5,6,aDSL,1,0,25620,20380,160942,2.0,0,43,66140.0,40390.0,business
6,6,Cable,0,0,393253,391301,395324,0.0,0,25,402309.0,399375.0,consumer
7,6,Fiber,11934,0,66142,65295,67655,12056.0,0,22,68820.0,67877.0,consumer
8,6,Fixed Wireless,2,0,207382,51925,257324,2.0,0,77,238542.0,58134.0,consumer
9,6,Other,271,0,20193,465,20209,275.0,0,10,20449.0,469.0,consumer
10,6,Satellite,0,0,704635,0,710145,0.0,0,3,1301626.0,0.0,consumer
11,6,aDSL,0,0,221749,191305,400172,0.0,0,24,289224.0,229112.0,consumer
12,6,2G,0,0,0,0,682905,0.0,0,7,0.0,0.0,mobile
13,6,3G,0,0,0,0,686767,0.0,0,7,0.0,0.0,mobile
14,6,4G_LTE,0,0,679001,0,679002,0.0,0,6,2513683.0,0.0,mobile
15,6,4G_NON_LTE,0,0,665608,0,665609,0.0,0,2,1234139.0,0.0,mobile
0,18,Cable,0,0,1628,800,139375,0.0,0,15,1628.0,800.0,business
1,18,Fiber,15627,0,32953,31912,38147,16256.0,0,67,44509.0,43427.0,business
2,18,Fixed Wireless,44874,0,72700,50733,156360,45533.0,0,51,79724.0,51457.0,business
3,18,Other,18390,0,18771,18748,38789,18395.0,0,25,18916.0,18886.0,business
4,18,Satellite,0,0,259425,0,267071,0.0,0,4,259425.0,0.0,business
5,18,aDSL,0,0,864,410,92098,0.0,0,44,911.0,410.0,business
6,18,Cable,0,0,135588,135034,135605,0.0,0,11,142731.0,141920.0,consumer
7,18,Fiber,7691,0,32234,29351,33014,7795.0,0,46,43529.0,40607.0,consumer
8,18,Fixed Wireless,3,0,35451,9678,169674,3.0,0,56,40876.0,9678.0,consumer
9,18,Other,0,0,0,0,2,0.0,0,1,0.0,0.0,consumer
10,18,Satellite,0,0,267071,0,267071,0.0,0,3,526496.0,0.0,consumer
11,18,aDSL,1,0,88693,40052,171656,1.0,0,33,101473.0,42750.0,consumer
12,18,2G,0,0,0,0,266885,0.0,0,8,0.0,0.0,mobile
13,18,3G,0,0,0,0,267052,0.0,0,8,0.0,0.0,mobile
14,18,4G_LTE,0,0,266549,0,266550,0.0,0,5,1015049.0,0.0,mobile
15,18,4G_NON_LTE,0,0,266860,0,266861,0.0,0,2,418586.0,0.0,mobile
0,27,Cable,3355,0,15112,10585,96831,3355.0,0,23,15188.0,10654.0,business
1,27,Fiber,8903,0,23368,22577,45461,9146.0,0,90,24529.0,23702.0,business
2,27,Fixed Wireless,21146,0,120445,119318,157501,21146.0,0,37,151782.0,149616.0,business
3,27,Other,276,0,1276,1083,7883,518.0,0,32,1582.0,1352.0,business
4,27,Satellite,0,0,240553,0,254888,0.0,0,4,240553.0,0.0,business
5,27,aDSL,1,0,23023,19454,152037,1.0,0,92,23841.0,19919.0,business
6,27,Cable,1437,0,93978,89229,94594,1437.0,0,20,98355.0,93034.0,consumer
7,27,Fiber,23369,0,45918,44860,46314,23664.0,0,75,47560.0,46477.0,consumer
8,27,Fixed Wireless,2163,0,93487,88262,157633,2163.0,0,44,129319.0,115654.0,consumer
9,27,Other,242,0,361,360,384,484.0,0,8,604.0,603.0,consumer
10,27,Satellite,0,0,254888,0,259777,0.0,0,3,447800.0,0.0,consumer
11,27,aDSL,0,0,75705,30943,147668,0.0,0,83,86189.0,31240.0,consumer
12,27,2G,0,0,0,0,255321,0.0,0,7,0.0,0.0,mobile
13,27,3G,0,0,0,0,257706,0.0,0,6,0.0,0.0,mobile
14,27,4G_LTE,0,0,253359,0,253360,0.0,0,5,887118.0,0.0,mobile
15,27,4G_NON_LTE,0,0,256825,0,256826,0.0,0,3,353612.0,0.0,mobile
0,29,Cable,60,0,4568,4562,137275,60.0,0,22,4571.0,4563.0,business
1,29,Fiber,33940,0,35714,35543,44438,37598.0,0,59,39905.0,39653.0,business
2,29,Fixed Wireless,23602,0,96982,92091,183996,26545.0,0,58,111716.0,106823.0,business
3,29,Other,536,0,4738,4722,5710,538.0,0,25,4799.0,4777.0,business
4,29,Satellite,0,0,323774,0,343550,0.0,0,4,323774.0,0.0,business
5,29,aDSL,0,0,10402,2923,82784,0.0,0,53,11247.0,3704.0,business
6,29,Cable,0,0,133849,130498,137133,0.0,0,18,136043.0,131920.0,consumer
7,29,Fiber,34853,0,41237,39263,41962,35504.0,0,40,42391.0,40076.0,consumer
8,29,Fixed Wireless,2196,0,63696,35448,204991,2197.0,0,67,66719.0,35490.0,consumer
9,29,Other,0,0,0,0,103,0.0,0,3,0.0,0.0,consumer
10,29,Satellite,0,0,343550,0,343565,0.0,0,3,667276.0,0.0,consumer
11,29,aDSL,0,0,58758,35387,165583,0.0,0,48,61433.0,36183.0,consumer
12,29,2G,0,0,0,0,341257,0.0,0,8,0.0,0.0,mobile
13,29,3G,0,0,0,0,342719,0.0,0,9,0.0,0.0,mobile
14,29,4G_LTE,0,0,337774,0,337775,0.0,0,8,1321368.0,0.0,mobile
15,29,4G_NON_LTE,0,0,336480,0,336481,0.0,0,3,479001.0,0.0,mobile
0,39,Cable,0,0,9088,8453,254262,0.0,0,29,9096.0,8460.0,business
1,39,Fiber,33110,0,39148,37590,53402,35336.0,0,69,43500.0,41479.0,business
2,39,Fixed Wireless,4,0,68739,51478,160106,4.0,0,47,71171.0,51510.0,business
3,39,Other,557,0,1831,1744,5270,561.0,0,35,1908.0,1791.0,business
4,39,Satellite,0,0,352542,0,363479,0.0,0,4,352542.0,0.0,business
5,39,aDSL,0,0,6215,2452,126594,0.0,0,46,6423.0,2568.0,business
6,39,Cable,396,0,260599,255403,261882,396.0,0,31,281571.0,275376.0,consumer
7,39,Fiber,10196,0,18467,17174,20688,10206.0,0,41,18898.0,17579.0,consumer
8,39,Fixed Wireless,996,0,22306,1116,136147,996.0,0,47,24427.0,1116.0,consumer
9,39,Other,0,0,37,0,95,0.0,0,2,37.0,0.0,consumer
10,39,Satellite,0,0,363479,0,365344,0.0,0,3,653447.0,0.0,consumer
11,39,aDSL,0,0,129274,51509,233329,0.0,0,41,147194.0,51713.0,consumer
12,39,2G,0,0,0,0,361011,0.0,0,4,0.0,0.0,mobile
13,39,3G,0,0,0,0,363988,0.0,0,4,0.0,0.0,mobile
14,39,4G_LTE,0,0,363087,0,363088,0.0,0,5,1362185.0,0.0,mobile
15,39,4G_NON_LTE,0,0,363096,0,363097,0.0,0,2,596142.0,0.0,mobile
0,17,Cable,0,0,3401,3386,249766,0.0,0,21,3402.0,3386.0,business
1,17,Fiber,13964,0,16439,16116,31961,15324.0,0,97,18578.0,18244.0,business
2,17,Fixed Wireless,192882,0,230518,199291,273328,197955.0,0,71,292555.0,206707.0,business
3,17,Other,8477,0,9969,9777,15210,8500.0,0,40,10236.0,9968.0,business
4,17,Satellite,0,0,437591,0,451554,0.0,0,4,437591.0,0.0,business
5,17,aDSL,0,0,9306,8079,137966,0.0,0,64,9681.0,8080.0,business
6,17,Cable,0,0,241560,240061,241919,0.0,0,19,269581.0,265971.0,consumer
7,17,Fiber,8829,0,19063,16118,21191,8856.0,0,65,19339.0,16365.0,consumer
8,17,Fixed Wireless,8202,0,230794,117355,309786,8202.0,0,73,301456.0,144374.0,consumer
9,17,Other,46,0,98,94,122,46.0,0,8,103.0,97.0,consumer
10,17,Satellite,0,0,451554,0,451554,0.0,0,3,889145.0,0.0,consumer
11,17,aDSL,0,0,172460,92992,299476,0.0,0,59,199715.0,92992.0,consumer
12,17,2G,0,0,0,0,451187,0.0,0,8,0.0,0.0,mobile
13,17,3G,0,0,0,0,451539,0.0,0,7,0.0,0.0,mobile
14,17,4G_LTE,0,0,451163,0,451164,0.0,0,9,1749936.0,0.0,mobile
15,17,4G_NON_LTE,0,0,448317,0,448318,0.0,0,4,719812.0,0.0,mobile
0,11,Cable,0,0,19,16,5075,0.0,0,5,19.0,16.0,business
1,11,Fiber,559,0,658,651,3323,800.0,0,23,1110.0,1095.0,business
2,11,Fixed Wireless,4,0,4835,4834,4836,4.0,0,5,4863.0,4841.0,business
3,11,Other,32,0,311,252,679,36.0,0,13,521.0,369.0,business
4,11,Satellite,0,0,6332,0,6332,0.0,0,3,6332.0,0.0,business
5,11,aDSL,0,0,113,20,4613,0.0,0,12,164.0,21.0,business
6,11,Cable,0,0,4935,4936,4936,0.0,0,2,8903.0,8015.0,consumer
7,11,Fiber,2784,0,2860,2860,2861,2784.0,0,2,2931.0,2931.0,consumer
8,11,Fixed Wireless,0,0,92,0,306,0.0,0,1,92.0,0.0,consumer
9,11,Other,0,0,0,0,1,0.0,0,1,1.0,1.0,consumer
10,11,Satellite,0,0,6331,0,6332,0.0,0,2,12664.0,0.0,consumer
11,11,aDSL,0,0,0,0,4600,0.0,0,2,0.0,0.0,consumer
12,11,2G,0,0,0,0,6507,0.0,0,4,0.0,0.0,mobile
13,11,3G,0,0,0,0,6507,0.0,0,4,0.0,0.0,mobile
14,11,4G_LTE,0,0,6506,0,6507,0.0,0,4,26028.0,0.0,mobile
15,11,4G_NON_LTE,0,0,6506,0,6507,0.0,0,2,13014.0,0.0,mobile
0,26,Cable,0,0,845,179,183722,0.0,0,20,845.0,179.0,business
1,26,Fiber,35764,0,40223,39837,48176,37497.0,0,57,43159.0,42667.0,business
2,26,Fixed Wireless,13,0,13043,625,91018,13.0,0,37,13185.0,625.0,business
3,26,Other,13831,0,21995,21945,30011,13861.0,0,31,24950.0,24856.0,business
4,26,Satellite,0,0,305902,0,329497,0.0,0,4,305902.0,0.0,business
5,26,aDSL,0,0,20863,18024,93211,0.0,0,42,21036.0,18026.0,business
6,26,Cable,0,0,183336,182598,184207,0.0,0,18,206374.0,205250.0,consumer
7,26,Fiber,17548,0,24206,23953,24509,18285.0,0,36,25617.0,25363.0,consumer
8,26,Fixed Wireless,13,0,30605,1444,112890,13.0,0,38,30622.0,1444.0,consumer
9,26,Other,0,0,9493,9493,9494,0.0,0,6,9619.0,9619.0,consumer
10,26,Satellite,0,0,329497,0,329885,0.0,0,3,632237.0,0.0,consumer
11,26,aDSL,0,0,100434,63750,199943,0.0,0,33,111796.0,67464.0,consumer
12,26,2G,0,0,0,0,324797,0.0,0,6,0.0,0.0,mobile
13,26,3G,0,0,0,0,327104,0.0,0,6,0.0,0.0,mobile
14,26,4G_LTE,0,0,322864,0,322865,0.0,0,7,1160281.0,0.0,mobile
15,26,4G_NON_LTE,0,0,324049,0,324050,0.0,0,2,516650.0,0.0,mobile
16,26,Undefined,0,0,0,0,9450,0.0,0,1,0.0,0.0,mobile
0,22,Cable,0,0,14210,13017,73007,0.0,0,18,14327.0,13129.0,business
1,22,Fiber,7658,0,10516,9930,35933,8197.0,0,37,11822.0,11147.0,business
2,22,Fixed Wireless,7901,0,8752,8732,43778,7901.0,0,14,8753.0,8733.0,business
3,22,Other,5,0,1950,854,26809,5.0,0,16,1964.0,861.0,business
4,22,Satellite,0,0,189692,0,204445,0.0,0,4,189692.0,0.0,business
5,22,aDSL,0,0,3421,3,22054,0.0,0,23,3422.0,3.0,business
6,22,Cable,0,0,92669,87139,92847,0.0,0,14,95993.0,90338.0,consumer
7,22,Fiber,4878,0,33485,8642,34190,4891.0,0,21,34305.0,9235.0,consumer
8,22,Fixed Wireless,0,0,38792,8719,50968,0.0,0,17,38889.0,8720.0,consumer
9,22,Other,5,0,25499,42,25722,5.0,0,6,25526.0,42.0,consumer
10,22,Satellite,0,0,204445,0,204447,0.0,0,3,394137.0,0.0,consumer
11,22,aDSL,0,0,35390,21014,91549,0.0,0,17,36681.0,21014.0,consumer
12,22,2G,0,0,0,0,203955,0.0,0,7,0.0,0.0,mobile
13,22,3G,0,0,0,0,203557,0.0,0,6,0.0,0.0,mobile
14,22,4G_LTE,0,0,203622,0,203623,0.0,0,5,751670.0,0.0,mobile
15,22,4G_NON_LTE,0,0,202934,0,202935,0.0,0,3,347396.0,0.0,mobile
0,21,Cable,0,0,6960,4038,80778,0.0,0,29,7485.0,4038.0,business
1,21,Fiber,10959,0,16876,16509,29895,13863.0,0,53,20116.0,19658.0,business
2,21,Fixed Wireless,7165,0,8327,8325,48303,7165.0,0,17,8327.0,8325.0,business
3,21,Other,5,0,468,455,7174,5.0,0,17,472.0,458.0,business
4,21,Satellite,0,0,145282,0,161672,0.0,0,4,145282.0,0.0,business
5,21,aDSL,11,0,8991,4293,27870,11.0,0,29,9020.0,4293.0,business
6,21,Cable,0,0,78032,72531,80823,0.0,0,27,79632.0,72955.0,consumer
7,21,Fiber,16290,0,22053,21621,23384,19076.0,0,31,24886.0,24444.0,consumer
8,21,Fixed Wireless,1,0,28407,301,44240,1.0,0,22,36015.0,301.0,consumer
9,21,Other,0,0,7,2,5354,0.0,0,6,7.0,2.0,consumer
10,21,Satellite,0,0,161672,0,161672,0.0,0,3,306954.0,0.0,consumer
11,21,aDSL,33,0,38078,16479,77073,33.0,0,22,55570.0,16571.0,consumer
12,21,2G,0,0,0,0,158227,0.0,0,8,0.0,0.0,mobile
13,21,3G,0,0,0,0,159983,0.0,0,8,0.0,0.0,mobile
14,21,4G_LTE,0,0,156366,0,156367,0.0,0,7,519103.0,0.0,mobile
15,21,4G_NON_LTE,0,0,156934,0,156935,0.0,0,2,210802.0,0.0,mobile
0,30,Cable,0,0,1,1,26496,0.0,0,9,1.0,1.0,business
1,30,Fiber,4113,0,4302,4284,19959,4125.0,0,29,4359.0,4336.0,business
2,30,Fixed Wireless,7,0,22329,21759,48905,7.0,0,24,24223.0,23601.0,business
3,30,Other,5,0,505,36,946,5.0,0,16,521.0,36.0,business
4,30,Satellite,0,0,125989,0,125989,0.0,0,3,125989.0,0.0,business
5,30,aDSL,0,0,4939,16,73081,0.0,0,24,4958.0,16.0,business
6,30,Cable,0,0,26167,22995,26558,0.0,0,7,28623.0,22995.0,consumer
7,30,Fiber,8727,0,17621,13848,19526,8799.0,0,19,17745.0,13939.0,consumer
8,30,Fixed Wireless,4,0,33577,30908,51051,4.0,0,25,37226.0,31067.0,consumer
9,30,Other,0,0,91,5,297,0.0,0,4,91.0,5.0,consumer
10,30,Satellite,0,0,125989,0,125989,0.0,0,3,125989.0,0.0,consumer
11,30,aDSL,27,0,23703,6992,73367,36.0,0,22,26395.0,7042.0,consumer
12,30,2G,0,0,0,0,104705,0.0,0,9,0.0,0.0,mobile
13,30,3G,0,0,0,0,119346,0.0,0,6,0.0,0.0,mobile
14,30,4G_LTE,0,0,105806,0,105807,0.0,0,7,188489.0,0.0,mobile
15,30,4G_NON_LTE,0,0,107350,0,107351,0.0,0,2,107352.0,0.0,mobile
0,4,Cable,0,0,33280,33191,58256,0.0,0,14,33300.0,33197.0,business
1,4,Fiber,3831,0,5273,5152,6869,4485.0,0,29,6110.0,5983.0,business
2,4,Fixed Wireless,54588,0,116173,67557,149164,54588.0,0,32,138233.0,77002.0,business
3,4,Other,49,0,1623,1185,3541,53.0,0,25,1733.0,1255.0,business
4,4,Satellite,0,0,237844,0,239567,0.0,0,4,237844.0,0.0,business
5,4,aDSL,1,0,987,401,109403,1.0,0,25,1114.0,401.0,business
6,4,Cable,0,0,78179,77529,78943,0.0,0,11,78784.0,78118.0,consumer
7,4,Fiber,6284,0,8380,8215,8509,6480.0,0,12,8608.0,8442.0,consumer
8,4,Fixed Wireless,5,0,35816,206,149327,5.0,0,30,36101.0,206.0,consumer
9,4,Other,0,0,2,1,4,0.0,0,3,2.0,1.0,consumer
10,4,Satellite,0,0,239567,0,241666,0.0,0,3,361506.0,0.0,consumer
11,4,aDSL,0,0,71872,42921,110007,0.0,0,18,75603.0,42923.0,consumer
12,4,2G,0,0,0,0,235207,0.0,0,7,0.0,0.0,mobile
13,4,3G,0,0,0,0,232188,0.0,0,6,0.0,0.0,mobile
14,4,4G_LTE,0,0,209887,0,209888,0.0,0,5,670254.0,0.0,mobile
15,4,4G_NON_LTE,0,0,205799,0,205800,0.0,0,3,334529.0,0.0,mobile
0,37,Cable,0,0,12030,10702,218963,0.0,0,26,12031.0,10702.0,business
1,37,Fiber,12821,0,16562,15697,30682,13426.0,0,58,18229.0,17178.0,business
2,37,Fixed Wireless,1,0,5803,3338,18238,1.0,0,18,5803.0,3338.0,business
3,37,Other,19,0,1467,1454,8600,19.0,0,26,1484.0,1465.0,business
4,37,Satellite,0,0,275037,0,288983,0.0,0,4,275037.0,0.0,business
5,37,aDSL,184,0,5652,2563,112828,184.0,0,42,5829.0,2563.0,business
6,37,Cable,0,0,218374,217091,219051,0.0,0,24,223183.0,221590.0,consumer
7,37,Fiber,17843,0,34070,32331,35873,18141.0,0,36,34946.0,33126.0,consumer
8,37,Fixed Wireless,0,0,7339,0,37231,0.0,0,19,7339.0,0.0,consumer
9,37,Other,0,0,6,3,9,0.0,0,5,6.0,3.0,consumer
10,37,Satellite,0,0,288983,0,288987,0.0,0,3,564020.0,0.0,consumer
11,37,aDSL,995,0,96745,39911,181689,995.0,0,36,114233.0,40107.0,consumer
12,37,2G,0,0,0,0,284322,0.0,0,6,0.0,0.0,mobile
13,37,3G,0,0,0,0,285131,0.0,0,6,0.0,0.0,mobile
14,37,4G_LTE,0,0,283897,0,283898,0.0,0,6,1159055.0,0.0,mobile
15,37,4G_NON_LTE,0,0,273189,0,273190,0.0,0,2,402377.0,0.0,mobile
0,32,Cable,1,0,3190,3190,16852,1.0,0,10,3197.0,3193.0,business
1,32,Fiber,1502,0,1737,1712,5001,1838.0,0,26,2189.0,2148.0,business
2,32,Fixed Wireless,26116,0,30431,30415,38389,26294.0,0,18,34494.0,34469.0,business
3,32,Other,49,0,569,508,1426,52.0,0,21,633.0,548.0,business
4,32,Satellite,0,0,83632,0,83632,0.0,0,3,83632.0,0.0,business
5,32,aDSL,0,0,546,341,23292,0.0,0,19,852.0,342.0,business
6,32,Cable,0,0,29504,29504,29740,0.0,0,7,29505.0,29505.0,consumer
7,32,Fiber,5285,0,6561,6507,6705,5784.0,0,12,7083.0,7027.0,consumer
8,32,Fixed Wireless,1373,0,33285,24275,37968,1373.0,0,14,37145.0,27745.0,consumer
9,32,Other,0,0,1,1,2,0.0,0,2,1.0,1.0,consumer
10,32,Satellite,0,0,83632,0,83632,0.0,0,3,83632.0,0.0,consumer
11,32,aDSL,0,0,20968,9517,33274,0.0,0,13,26095.0,9517.0,consumer
12,32,2G,0,0,0,0,77157,0.0,0,7,0.0,0.0,mobile
13,32,3G,0,0,0,0,79357,0.0,0,6,0.0,0.0,mobile
14,32,4G_LTE,0,0,73315,0,73316,0.0,0,6,223990.0,0.0,mobile
15,32,4G_NON_LTE,0,0,59340,0,59341,0.0,0,2,95983.0,0.0,mobile
0,9,Cable,0,0,3468,3341,51936,0.0,0,9,3491.0,3348.0,business
1,9,Fiber,20995,0,21047,21037,21245,21847.0,0,16,22175.0,22147.0,business
2,9,Fixed Wireless,0,0,2,2,5,0.0,0,2,2.0,2.0,business
3,9,Other,9,0,138,122,1229,9.0,0,15,148.0,128.0,business
4,9,Satellite,0,0,64389,0,64389,0.0,0,4,64389.0,0.0,business
5,9,aDSL,0,0,157,6,53602,0.0,0,13,161.0,7.0,business
6,9,Cable,0,0,54754,54754,54755,0.0,0,6,56502.0,56502.0,consumer
7,9,Fiber,480,0,480,480,481,481.0,0,2,481.0,481.0,consumer
8,9,Other,0,0,0,0,1,0.0,0,1,0.0,0.0,consumer
9,9,Satellite,0,0,64389,0,64389,0.0,0,3,128778.0,0.0,consumer
10,9,aDSL,0,0,44234,26184,53559,0.0,0,4,66963.0,26184.0,consumer
11,9,2G,0,0,0,0,67401,0.0,0,4,0.0,0.0,mobile
12,9,3G,0,0,0,0,67503,0.0,0,4,0.0,0.0,mobile
13,9,4G_LTE,0,0,67525,0,67526,0.0,0,4,256741.0,0.0,mobile
14,9,4G_NON_LTE,0,0,66953,0,66954,0.0,0,2,120978.0,0.0,mobile
0,16,Cable,0,0,410,408,32168,0.0,0,18,410.0,408.0,business
1,16,Fiber,3179,0,6400,6325,11812,3250.0,0,36,6622.0,6514.0,business
2,16,Fixed Wireless,63247,0,81595,67936,89665,63247.0,0,33,131930.0,68016.0,business
3,16,Other,6,0,1333,355,1817,6.0,0,14,1356.0,371.0,business
4,16,Satellite,0,0,141584,0,141584,0.0,0,3,141584.0,0.0,business
5,16,aDSL,0,0,4057,623,56492,0.0,0,28,8284.0,623.0,business
6,16,Cable,0,0,28921,27928,32431,0.0,0,15,29429.0,28256.0,consumer
7,16,Fiber,2849,0,9893,9399,9949,2866.0,0,22,10009.0,9511.0,consumer
8,16,Fixed Wireless,9069,0,81768,61667,95329,9069.0,0,38,131219.0,62188.0,consumer
9,16,Other,0,0,5,1,14,0.0,0,3,5.0,1.0,consumer
10,16,Satellite,0,0,141584,0,141584,0.0,0,3,141584.0,0.0,consumer
11,16,aDSL,0,0,31266,11529,57570,0.0,0,22,34192.0,11591.0,consumer
12,16,2G,0,0,0,0,127457,0.0,0,13,0.0,0.0,mobile
13,16,3G,0,0,0,0,132478,0.0,0,11,0.0,0.0,mobile
14,16,4G_LTE,0,0,125657,0,125658,0.0,0,8,391783.0,0.0,mobile
15,16,4G_NON_LTE,0,0,122784,0,122785,0.0,0,2,176224.0,0.0,mobile
0,8,Cable,4266,0,5004,4844,83749,4266.0,0,19,5004.0,4844.0,business
1,8,Fiber,12932,0,16716,16589,25797,13485.0,0,56,17834.0,17696.0,business
2,8,Fixed Wireless,110601,0,140852,122664,149379,145163.0,0,49,206778.0,178880.0,business
3,8,Other,34,0,1196,912,4889,36.0,0,23,1343.0,988.0,business
4,8,Satellite,0,0,194545,0,198514,0.0,0,4,194545.0,0.0,business
5,8,aDSL,4259,0,5837,5200,102529,4259.0,0,38,6154.0,5212.0,business
6,8,Cable,0,0,81356,80584,82137,0.0,0,15,83034.0,82262.0,consumer
7,8,Fiber,9516,0,18195,17842,18199,9537.0,0,30,18505.0,18144.0,consumer
8,8,Fixed Wireless,12687,0,143929,97230,154544,12689.0,0,49,216098.0,104284.0,consumer
9,8,Other,0,0,2,2,951,0.0,0,5,2.0,2.0,consumer
10,8,Satellite,0,0,198514,0,201062,0.0,0,3,324244.0,0.0,consumer
11,8,aDSL,0,0,70711,43501,103013,0.0,0,31,74354.0,43791.0,consumer
12,8,2G,0,0,0,0,193667,0.0,0,12,0.0,0.0,mobile
13,8,3G,0,0,0,0,194399,0.0,0,9,0.0,0.0,mobile
14,8,4G_LTE,0,0,187792,0,187793,0.0,0,10,642655.0,0.0,mobile
15,8,4G_NON_LTE,0,0,181298,0,181299,0.0,0,3,298287.0,0.0,mobile
0,45,Cable,0,0,2901,1866,110101,0.0,0,21,2902.0,1867.0,business
1,45,Fiber,3448,0,4501,4288,18435,3594.0,0,33,4847.0,4601.0,business
2,45,Fixed Wireless,0,0,13172,13172,17448,0.0,0,8,13172.0,13172.0,business
3,45,Other,0,0,433,425,6105,0.0,0,16,433.0,425.0,business
4,45,Satellite,0,0,172067,0,181908,0.0,0,4,172067.0,0.0,business
5,45,aDSL,0,0,5853,558,50588,0.0,0,32,5880.0,559.0,business
6,45,Cable,0,0,109196,108843,109820,0.0,0,18,121793.0,120674.0,consumer
7,45,Fiber,8693,0,18001,17835,18145,8871.0,0,28,18791.0,18615.0,consumer
8,45,Fixed Wireless,0,0,195,30,4993,0.0,0,9,195.0,30.0,consumer
9,45,Other,0,0,2,1,3,0.0,0,2,2.0,1.0,consumer
10,45,Satellite,0,0,181908,0,181908,0.0,0,3,353975.0,0.0,consumer
11,45,aDSL,0,0,56757,30075,108900,0.0,0,28,65871.0,31090.0,consumer
12,45,2G,0,0,0,0,181089,0.0,0,6,0.0,0.0,mobile
13,45,3G,0,0,0,0,181733,0.0,0,5,0.0,0.0,mobile
14,45,4G_LTE,0,0,181471,0,181472,0.0,0,6,679802.0,0.0,mobile
15,45,4G_NON_LTE,0,0,180136,0,180137,0.0,0,3,288190.0,0.0,mobile
0,25,Cable,0,0,1257,1237,109860,0.0,0,10,1259.0,1239.0,business
1,25,Fiber,18553,0,18839,18793,51150,19142.0,0,23,19770.0,19688.0,business
2,25,Fixed Wireless,6385,0,7353,7329,7391,6535.0,0,14,7645.0,7603.0,business
3,25,Other,77,0,447,374,3780,81.0,0,21,516.0,428.0,business
4,25,Satellite,0,0,145915,0,145915,0.0,0,4,145915.0,0.0,business
5,25,aDSL,1,0,397,186,80726,1.0,0,19,582.0,186.0,business
6,25,Cable,0,0,106245,106246,106246,0.0,0,6,119420.0,117227.0,consumer
7,25,Fiber,39111,0,39352,39352,39353,39111.0,0,5,39503.0,39503.0,consumer
8,25,Fixed Wireless,42,0,7159,6925,7359,42.0,0,11,7161.0,6927.0,consumer
9,25,Other,12,0,14,14,16,12.0,0,3,14.0,14.0,consumer
10,25,Satellite,0,0,145915,0,145915,0.0,0,3,291830.0,0.0,consumer
11,25,aDSL,0,0,184,183,80606,0.0,0,9,367.0,183.0,consumer
12,25,2G,0,0,0,0,156559,0.0,0,4,0.0,0.0,mobile
13,25,3G,0,0,0,0,157172,0.0,0,4,0.0,0.0,mobile
14,25,4G_LTE,0,0,157369,0,157370,0.0,0,4,607867.0,0.0,mobile
15,25,4G_NON_LTE,0,0,155149,0,155150,0.0,0,2,289179.0,0.0,mobile
0,38,Cable,0,0,10493,10493,13898,0.0,0,7,10493.0,10493.0,business
1,38,Fiber,7500,0,16998,16648,83846,7501.0,0,34,17006.0,16655.0,business
2,38,Fixed Wireless,0,0,4247,2829,36279,0.0,0,16,4249.0,2829.0,business
3,38,Other,834,0,901,879,1098,834.0,0,8,907.0,880.0,business
4,38,Satellite,0,0,129059,0,129059,0.0,0,3,129059.0,0.0,business
5,38,aDSL,0,0,8357,5796,33055,0.0,0,26,8361.0,5798.0,business
6,38,Cable,0,0,13896,13562,13897,0.0,0,6,14813.0,14149.0,consumer
7,38,Fiber,46422,0,83735,83348,83836,46857.0,0,29,84852.0,84462.0,consumer
8,38,Fixed Wireless,0,0,14974,149,38498,0.0,0,18,15269.0,149.0,consumer
9,38,Other,834,0,873,861,888,834.0,0,2,873.0,861.0,consumer
10,38,Satellite,0,0,129059,0,129059,0.0,0,3,129059.0,0.0,consumer
11,38,aDSL,0,0,17701,11116,33081,0.0,0,21,18108.0,11252.0,consumer
12,38,2G,0,0,0,0,129339,0.0,0,8,0.0,0.0,mobile
13,38,3G,0,0,0,0,133508,0.0,0,8,0.0,0.0,mobile
14,38,4G_LTE,0,0,129865,0,129866,0.0,0,7,302998.0,0.0,mobile
15,38,4G_NON_LTE,0,0,131005,0,131006,0.0,0,1,131006.0,0.0,mobile
0,53,Cable,0,0,349,50,102835,0.0,0,26,349.0,50.0,business
1,53,Fiber,2886,0,17075,17011,44834,3085.0,0,49,17609.0,17522.0,business
2,53,Fixed Wireless,162630,0,163131,162765,165457,168932.0,0,43,204659.0,197025.0,business
3,53,Other,723,0,2318,1990,5353,728.0,0,27,2550.0,2122.0,business
4,53,Satellite,0,0,183933,0,192401,0.0,0,4,183933.0,0.0,business
5,53,aDSL,1,0,10974,9877,125850,1.0,0,32,12992.0,9888.0,business
6,53,Cable,0,0,99354,97532,99904,0.0,0,22,108408.0,105635.0,consumer
7,53,Fiber,16332,0,42165,42117,42192,16335.0,0,29,46573.0,46525.0,consumer
8,53,Fixed Wireless,0,0,150469,40391,152035,0.0,0,44,224614.0,46343.0,consumer
9,53,Other,974,0,1073,1069,1077,974.0,0,8,1077.0,1073.0,consumer
10,53,Satellite,0,0,192401,0,195574,0.0,0,3,301698.0,0.0,consumer
11,53,aDSL,0,0,86333,49929,126322,0.0,0,25,106419.0,58566.0,consumer
12,53,2G,0,0,0,0,186267,0.0,0,6,0.0,0.0,mobile
13,53,3G,0,0,0,0,187453,0.0,0,6,0.0,0.0,mobile
14,53,4G_LTE,0,0,183969,0,183970,0.0,0,6,670255.0,0.0,mobile
15,53,4G_NON_LTE,0,0,180385,0,180386,0.0,0,2,304297.0,0.0,mobile
0,41,Cable,3988,0,4124,4118,75683,3988.0,0,16,4124.0,4118.0,business
1,41,Fiber,6660,0,9478,9231,32310,6871.0,0,59,10032.0,9746.0,business
2,41,Fixed Wireless,24017,0,58106,43644,86897,24034.0,0,40,64707.0,44065.0,business
3,41,Other,65,0,681,518,4891,66.0,0,26,720.0,538.0,business
4,41,Satellite,0,0,191553,0,196250,0.0,0,4,191553.0,0.0,business
5,41,aDSL,0,0,4181,2052,82749,0.0,0,47,5725.0,2052.0,business
6,41,Cable,0,0,74262,74261,76004,0.0,0,14,75148.0,75102.0,consumer
7,41,Fiber,14267,0,24717,24506,25067,14272.0,0,38,24870.0,24659.0,consumer
8,41,Fixed Wireless,242,0,46038,24969,61678,242.0,0,40,58679.0,25248.0,consumer
9,41,Other,22,0,1894,1785,2012,22.0,0,8,1897.0,1786.0,consumer
10,41,Satellite,0,0,196250,0,196621,0.0,0,3,343836.0,0.0,consumer
11,41,aDSL,0,0,48945,24960,83000,0.0,0,39,67479.0,36807.0,consumer
12,41,2G,0,0,0,0,171553,0.0,0,8,0.0,0.0,mobile
13,41,3G,0,0,0,0,175087,0.0,0,8,0.0,0.0,mobile
14,41,4G_LTE,0,0,167347,0,167348,0.0,0,5,579708.0,0.0,mobile
15,41,4G_NON_LTE,0,0,151122,0,151123,0.0,0,2,228984.0,0.0,mobile
0,56,Cable,0,0,3,2,21993,0.0,0,6,3.0,2.0,business
1,56,Fiber,259,0,2534,516,4056,264.0,0,21,2548.0,530.0,business
2,56,Fixed Wireless,7548,0,18877,18094,38381,7555.0,0,25,26041.0,20694.0,business
3,56,Other,0,0,27,26,129,0.0,0,10,28.0,27.0,business
4,56,Satellite,0,0,84046,0,84067,0.0,0,4,84046.0,0.0,business
5,56,aDSL,0,0,5457,1555,28752,0.0,0,21,5472.0,1555.0,business
6,56,Cable,0,0,21763,21191,22108,0.0,0,5,26879.0,21191.0,consumer
7,56,Fiber,1396,0,3646,1639,3731,1416.0,0,13,3672.0,1659.0,consumer
8,56,Fixed Wireless,1933,0,23189,7446,38635,1933.0,0,28,33790.0,7496.0,consumer
9,56,Other,0,0,5,5,11,0.0,0,3,5.0,5.0,consumer
10,56,Satellite,0,0,84067,0,86204,0.0,0,3,88226.0,0.0,consumer
11,56,aDSL,20,0,12784,4552,28741,24.0,0,20,14632.0,4655.0,consumer
12,56,2G,0,0,0,0,78633,0.0,0,11,0.0,0.0,mobile
13,56,3G,0,0,0,0,81201,0.0,0,10,0.0,0.0,mobile
14,56,4G_LTE,0,0,75799,0,75800,0.0,0,8,153803.0,0.0,mobile
15,56,4G_NON_LTE,0,0,55830,0,55831,0.0,0,2,59951.0,0.0,mobile
0,55,Cable,0,0,1111,677,132726,0.0,0,20,1111.0,677.0,business
1,55,Fiber,7806,0,18451,17897,32615,9409.0,0,71,20792.0,20094.0,business
2,55,Fixed Wireless,20063,0,26598,20450,98603,20904.0,0,37,30837.0,21294.0,business
3,55,Other,4780,0,8648,8639,9587,4782.0,0,19,9453.0,9442.0,business
4,55,Satellite,0,0,232117,0,253096,0.0,0,4,232117.0,0.0,business
5,55,aDSL,0,0,31689,27246,113056,0.0,0,62,32215.0,27479.0,business
6,55,Cable,0,0,129798,128060,133119,0.0,0,18,130156.0,128404.0,consumer
7,55,Fiber,11106,0,19326,18048,21697,11116.0,0,51,19508.0,18210.0,consumer
8,55,Fixed Wireless,173,0,39541,7705,152946,173.0,0,42,47465.0,7721.0,consumer
9,55,Other,0,0,0,0,1,0.0,0,1,1.0,1.0,consumer
10,55,Satellite,0,0,253096,0,253096,0.0,0,3,485213.0,0.0,consumer
11,55,aDSL,0,0,84565,38541,152649,0.0,0,54,99046.0,39233.0,consumer
12,55,2G,0,0,0,0,249330,0.0,0,6,0.0,0.0,mobile
13,55,3G,0,0,0,0,251933,0.0,0,6,0.0,0.0,mobile
14,55,4G_LTE,0,0,245763,0,245764,0.0,0,7,911660.0,0.0,mobile
15,55,4G_NON_LTE,0,0,231328,0,231329,0.0,0,3,303286.0,0.0,mobile
0,20,Cable,585,0,18527,18276,48409,585.0,0,29,18738.0,18485.0,business
1,20,Fiber,30775,0,38819,37544,59562,33349.0,0,76,42579.0,41178.0,business
2,20,Fixed Wireless,11589,0,32848,28452,184548,11668.0,0,41,32977.0,28531.0,business
3,20,Other,585,0,741,728,1153,585.0,0,14,817.0,800.0,business
4,20,Satellite,0,0,231225,0,235043,0.0,0,4,231225.0,0.0,business
5,20,aDSL,0,0,6950,2248,50992,0.0,0,36,7471.0,2738.0,business
6,20,Cable,0,0,63012,57062,66714,0.0,0,27,64108.0,57852.0,consumer
7,20,Fiber,32825,0,55694,53023,57059,34436.0,0,61,59816.0,56720.0,consumer
8,20,Fixed Wireless,1176,0,80336,52492,193888,1176.0,0,49,99372.0,56109.0,consumer
9,20,Other,0,0,1,0,7,0.0,0,3,1.0,0.0,consumer
10,20,Satellite,0,0,235043,0,238600,0.0,0,3,303813.0,0.0,consumer
11,20,aDSL,0,0,31910,20071,106826,0.0,0,34,32510.0,20563.0,consumer
12,20,2G,0,0,0,0,238482,0.0,0,8,0.0,0.0,mobile
13,20,3G,0,0,0,0,238587,0.0,0,9,0.0,0.0,mobile
14,20,4G_LTE,0,0,238159,0,238160,0.0,0,11,924399.0,0.0,mobile
15,20,4G_NON_LTE,0,0,237348,0,237349,0.0,0,3,337077.0,0.0,mobile
0,1,Cable,0,0,3899,2615,126757,0.0,0,23,3980.0,2695.0,business
1,1,Fiber,6820,0,9095,8829,52034,6956.0,0,42,9356.0,9078.0,business
2,1,Fixed Wireless,0,0,3113,1925,42193,0.0,0,19,3113.0,1925.0,business
3,1,Other,16,0,1880,1865,31148,16.0,0,26,1889.0,1873.0,business
4,1,Satellite,0,0,236156,0,252266,0.0,0,4,236156.0,0.0,business
5,1,aDSL,0,0,1862,930,43774,0.0,0,34,2193.0,931.0,business
6,1,Cable,0,0,123834,121283,125807,0.0,0,18,137142.0,132622.0,consumer
7,1,Fiber,9576,0,51194,23020,51517,9588.0,0,27,52217.0,23585.0,consumer
8,1,Fixed Wireless,11,0,39588,9975,43539,11.0,0,21,42705.0,9977.0,consumer
9,1,Other,0,0,28094,0,28095,0.0,0,4,28095.0,0.0,consumer
10,1,Satellite,0,0,252266,0,252266,0.0,0,3,488422.0,0.0,consumer
11,1,aDSL,0,0,54842,28842,125534,0.0,0,28,59353.0,28905.0,consumer
12,1,2G,0,0,0,0,250103,0.0,0,7,0.0,0.0,mobile
13,1,3G,0,0,0,0,251926,0.0,0,6,0.0,0.0,mobile
14,1,4G_LTE,0,0,249486,0,249487,0.0,0,5,856388.0,0.0,mobile
15,1,4G_NON_LTE,0,0,250288,0,250289,0.0,0,2,377418.0,0.0,mobile
0,23,Cable,0,0,867,857,39177,0.0,0,10,871.0,859.0,business
1,23,Fiber,2429,0,3093,3035,3804,2541.0,0,23,3334.0,3242.0,business
2,23,Fixed Wireless,0,0,19,10,838,0.0,0,6,19.0,10.0,business
3,23,Other,3,0,23,20,319,3.0,0,10,23.0,20.0,business
4,23,Satellite,0,0,61905,0,68594,0.0,0,4,61905.0,0.0,business
5,23,aDSL,0,0,4410,2176,31434,0.0,0,27,6410.0,2187.0,business
6,23,Cable,0,0,38669,38669,39104,0.0,0,6,38795.0,38795.0,consumer
7,23,Fiber,327,0,3331,3279,3346,327.0,0,15,3361.0,3308.0,consumer
8,23,Fixed Wireless,0,0,291,259,9732,0.0,0,10,291.0,259.0,consumer
9,23,Other,0,0,1,1,15,0.0,0,2,1.0,1.0,consumer
10,23,Satellite,0,0,68594,0,69153,0.0,0,3,120901.0,0.0,consumer
11,23,aDSL,0,0,18602,2763,32760,0.0,0,25,21272.0,2885.0,consumer
12,23,2G,0,0,0,0,62579,0.0,0,5,0.0,0.0,mobile
13,23,3G,0,0,0,0,62700,0.0,0,5,0.0,0.0,mobile
14,23,4G_LTE,0,0,61298,0,61299,0.0,0,5,187026.0,0.0,mobile
15,23,4G_NON_LTE,0,0,44798,0,44799,0.0,0,2,49668.0,0.0,mobile
0,49,Cable,12,0,5792,4044,37864,12.0,0,13,5802.0,4044.0,business
1,49,Fiber,8912,0,10852,10154,15382,12146.0,0,29,14319.0,13608.0,business
2,49,Fixed Wireless,50640,0,60576,60519,68761,58241.0,0,20,74041.0,73984.0,business
3,49,Other,23,0,11218,226,12319,23.0,0,17,11346.0,241.0,business
4,49,Satellite,0,0,114112,0,114112,0.0,0,3,114112.0,0.0,business
5,49,aDSL,2,0,8872,1171,54944,2.0,0,24,11212.0,2186.0,business
6,49,Cable,0,0,38471,36762,38471,0.0,0,12,40491.0,37334.0,consumer
7,49,Fiber,10422,0,13194,12509,13194,13804.0,0,17,16696.0,16011.0,consumer
8,49,Fixed Wireless,12376,0,64256,59848,70312,12411.0,0,25,86369.0,76506.0,consumer
9,49,Other,0,0,3831,21,4234,0.0,0,4,3834.0,21.0,consumer
10,49,Satellite,0,0,114112,0,114112,0.0,0,3,114112.0,0.0,consumer
11,49,aDSL,0,0,38871,18890,55234,0.0,0,15,42945.0,20309.0,consumer
12,49,2G,0,0,0,0,107816,0.0,0,12,0.0,0.0,mobile
13,49,3G,0,0,0,0,112268,0.0,0,9,0.0,0.0,mobile
14,49,4G_LTE,0,0,102472,0,102473,0.0,0,7,326124.0,0.0,mobile
15,49,4G_NON_LTE,0,0,108642,0,108643,0.0,0,3,170420.0,0.0,mobile
0,72,Cable,0,0,0,0,51664,0.0,0,2,0.0,0.0,business
1,72,Fiber,60946,0,61221,61219,61254,62397.0,0,5,64602.0,64556.0,business
2,72,Fixed Wireless,60912,0,60912,60912,76404,60912.0,0,6,60912.0,60912.0,business
3,72,Other,0,0,43887,0,43922,0.0,0,3,43888.0,0.0,business
4,72,Satellite,0,0,0,0,74104,0.0,0,1,0.0,0.0,business
5,72,aDSL,0,0,11431,11430,44374,0.0,0,3,11431.0,11430.0,business
6,72,Cable,0,0,51663,51663,51664,0.0,0,1,51664.0,51664.0,consumer
7,72,Fiber,1482,0,1562,1562,1563,1482.0,0,2,1578.0,1578.0,consumer
8,72,Fixed Wireless,0,0,0,0,20431,0.0,0,3,0.0,0.0,consumer
9,72,Satellite,0,0,0,0,74104,0.0,0,1,0.0,0.0,consumer
10,72,aDSL,0,0,11430,11430,44374,0.0,0,2,11430.0,11430.0,consumer
11,72,2G,0,0,0,0,75333,0.0,0,5,0.0,0.0,mobile
12,72,3G,0,0,0,0,76523,0.0,0,4,0.0,0.0,mobile
13,72,4G_LTE,0,0,76368,0,76369,0.0,0,5,338638.0,0.0,mobile
14,72,4G_NON_LTE,0,0,75563,0,75564,0.0,0,3,213325.0,0.0,mobile
0,54,Cable,0,0,2830,2717,50483,0.0,0,15,2831.0,2718.0,business
1,54,Fiber,6335,0,7837,7701,9435,6348.0,0,18,9001.0,8848.0,business
2,54,Fixed Wireless,1,0,11273,11097,36196,2.0,0,13,11406.0,11146.0,business
3,54,Other,0,0,49,29,447,0.0,0,10,51.0,30.0,business
4,54,Satellite,0,0,125575,0,135218,0.0,0,4,125575.0,0.0,business
5,54,aDSL,0,0,1,1,75726,0.0,0,12,2.0,2.0,business
6,54,Cable,0,0,48433,47587,48950,0.0,0,13,50609.0,49727.0,consumer
7,54,Fiber,155,0,4483,2961,4484,161.0,0,7,5619.0,4095.0,consumer
8,54,Fixed Wireless,1,0,29730,530,60690,2.0,0,15,29783.0,542.0,consumer
9,54,Satellite,0,0,135218,0,135218,0.0,0,3,260793.0,0.0,consumer
10,54,aDSL,0,0,51387,1,75712,0.0,0,9,65535.0,2.0,consumer
11,54,2G,0,0,0,0,115512,0.0,0,6,0.0,0.0,mobile
12,54,3G,0,0,0,0,125718,0.0,0,6,0.0,0.0,mobile
13,54,4G_LTE,0,0,111537,0,111538,0.0,0,6,320534.0,0.0,mobile
14,54,4G_NON_LTE,0,0,122296,0,122297,0.0,0,2,135445.0,0.0,mobile
0,33,Cable,0,0,3935,3927,29914,0.0,0,6,3936.0,3927.0,business
1,33,Fiber,4750,0,5431,5329,7315,5186.0,0,18,5963.0,5855.0,business
2,33,Fixed Wireless,0,0,38,3,1177,0.0,0,3,38.0,3.0,business
3,33,Other,4,0,58,53,751,4.0,0,13,58.0,53.0,business
4,33,Satellite,0,0,44910,0,48695,0.0,0,4,44910.0,0.0,business
5,33,aDSL,5,0,342,93,26311,5.0,0,15,356.0,99.0,business
6,33,Cable,0,0,29239,29239,29240,0.0,0,3,29356.0,29356.0,consumer
7,33,Fiber,4470,0,6684,6561,6714,4471.0,0,9,6697.0,6573.0,consumer
8,33,Fixed Wireless,0,0,39,5,2124,0.0,0,4,39.0,5.0,consumer
9,33,Other,0,0,0,0,3,0.0,0,3,0.0,0.0,consumer
10,33,Satellite,0,0,48695,0,48837,0.0,0,3,93182.0,0.0,consumer
11,33,aDSL,0,0,12337,228,26805,0.0,0,10,12445.0,259.0,consumer
12,33,2G,0,0,0,0,45550,0.0,0,5,0.0,0.0,mobile
13,33,3G,0,0,0,0,46187,0.0,0,5,0.0,0.0,mobile
14,33,4G_LTE,0,0,46618,0,46619,0.0,0,6,176278.0,0.0,mobile
15,33,4G_NON_LTE,0,0,43779,0,43780,0.0,0,2,60012.0,0.0,mobile
0,51,Cable,0,0,14066,14053,94957,0.0,0,15,14087.0,14066.0,business
1,51,Fiber,30714,0,31937,31870,66482,32508.0,0,59,34493.0,34408.0,business
2,51,Fixed Wireless,30,0,40623,33224,86061,30.0,0,25,42041.0,34314.0,business
3,51,Other,57,0,710,634,5574,65.0,0,26,879.0,771.0,business
4,51,Satellite,0,0,262756,0,285759,0.0,0,4,262756.0,0.0,business
5,51,aDSL,0,0,1377,227,106699,0.0,0,34,1621.0,227.0,business
6,51,Cable,0,0,110214,110152,110361,0.0,0,14,110909.0,110768.0,consumer
7,51,Fiber,39665,0,49154,48248,49169,39813.0,0,26,49611.0,48645.0,consumer
8,51,Fixed Wireless,0,0,27624,1771,103518,0.0,0,28,28632.0,1771.0,consumer
9,51,Other,0,0,26,25,35,0.0,0,4,26.0,25.0,consumer
10,51,Satellite,0,0,285759,0,285762,0.0,0,3,548515.0,0.0,consumer
11,51,aDSL,0,0,17269,4905,108852,0.0,0,22,21123.0,4939.0,consumer
12,51,2G,0,0,0,0,277203,0.0,0,7,0.0,0.0,mobile
13,51,3G,0,0,0,0,279524,0.0,0,7,0.0,0.0,mobile
14,51,4G_LTE,0,0,277071,0,277072,0.0,0,7,1002650.0,0.0,mobile
15,51,4G_NON_LTE,0,0,263624,0,263625,0.0,0,2,385445.0,0.0,mobile
0,47,Cable,12,0,781,264,132128,12.0,0,21,781.0,264.0,business
1,47,Fiber,19591,0,21110,20855,29729,20081.0,0,48,22995.0,22231.0,business
2,47,Fixed Wireless,0,0,18027,3592,39173,0.0,0,23,18033.0,3592.0,business
3,47,Other,61,0,5659,5638,15539,62.0,0,23,5717.0,5683.0,business
4,47,Satellite,0,0,234756,0,240116,0.0,0,4,234756.0,0.0,business
5,47,aDSL,0,0,3070,1430,75945,0.0,0,30,4228.0,1594.0,business
6,47,Cable,0,0,128313,127996,128374,0.0,0,19,131444.0,130919.0,consumer
7,47,Fiber,27041,0,32385,31106,33986,27433.0,0,30,34166.0,32394.0,consumer
8,47,Fixed Wireless,0,0,27832,12738,42875,0.0,0,25,28515.0,12738.0,consumer
9,47,Other,0,0,4,4,7409,0.0,0,5,4.0,4.0,consumer
10,47,Satellite,0,0,240116,0,240116,0.0,0,3,474872.0,0.0,consumer
11,47,aDSL,4,0,85278,31878,147043,4.0,0,26,102729.0,32429.0,consumer
12,47,2G,0,0,0,0,234513,0.0,0,9,0.0,0.0,mobile
13,47,3G,0,0,0,0,236625,0.0,0,9,0.0,0.0,mobile
14,47,4G_LTE,0,0,233878,0,233879,0.0,0,10,877163.0,0.0,mobile
15,47,4G_NON_LTE,0,0,230430,0,230431,0.0,0,2,336951.0,0.0,mobile
0,24,Cable,0,0,5875,5859,80420,0.0,0,15,5876.0,5859.0,business
1,24,Fiber,5920,0,6655,6648,41345,6656.0,0,34,7602.0,7583.0,business
2,24,Fixed Wireless,2,0,34326,34287,55957,2.0,0,14,39148.0,39074.0,business
3,24,Other,35,0,613,527,3212,37.0,0,19,699.0,581.0,business
4,24,Satellite,0,0,136555,0,145244,0.0,0,4,136555.0,0.0,business
5,24,aDSL,0,0,186,9,56648,0.0,0,25,198.0,9.0,business
6,24,Cable,0,0,76252,76253,76253,0.0,0,11,78960.0,78578.0,consumer
7,24,Fiber,36895,0,37013,37012,37015,36896.0,0,11,37048.0,37047.0,consumer
8,24,Fixed Wireless,0,0,43801,21228,44005,0.0,0,14,50277.0,21229.0,consumer
9,24,Other,0,0,0,0,9,0.0,0,2,0.0,0.0,consumer
10,24,Satellite,0,0,145244,0,145247,0.0,0,3,281799.0,0.0,consumer
11,24,aDSL,0,0,9,0,56380,0.0,0,8,11.0,0.0,consumer
12,24,2G,0,0,0,0,144731,0.0,0,5,0.0,0.0,mobile
13,24,3G,0,0,0,0,144762,0.0,0,5,0.0,0.0,mobile
14,24,4G_LTE,0,0,144576,0,144577,0.0,0,5,562616.0,0.0,mobile
15,24,4G_NON_LTE,0,0,141256,0,141257,0.0,0,2,239676.0,0.0,mobile
0,12,Cable,0,0,6360,6311,305445,0.0,0,21,6385.0,6335.0,business
1,12,Fiber,8742,0,11789,11700,61770,10125.0,0,58,14020.0,13901.0,business
2,12,Fixed Wireless,116617,0,119104,117477,126098,116622.0,0,25,119190.0,117528.0,business
3,12,Other,169,0,2726,2621,8183,174.0,0,38,2846.0,2712.0,business
4,12,Satellite,0,0,454345,0,483744,0.0,0,4,454345.0,0.0,business
5,12,aDSL,0,0,7456,3100,99514,0.0,0,28,9597.0,3100.0,business
6,12,Cable,43,0,307245,306801,307253,43.0,0,16,330572.0,329550.0,consumer
7,12,Fiber,10119,0,65077,64184,66806,10170.0,0,22,70344.0,69444.0,consumer
8,12,Fixed Wireless,4,0,124123,116611,124690,4.0,0,15,124203.0,116620.0,consumer
9,12,Other,76,0,121,112,245,76.0,0,10,121.0,112.0,consumer
10,12,Satellite,0,0,483744,0,484481,0.0,0,3,935971.0,0.0,consumer
11,12,aDSL,0,0,171670,100450,243561,0.0,0,15,191695.0,100525.0,consumer
12,12,2G,0,0,0,0,482827,0.0,0,6,0.0,0.0,mobile
13,12,3G,0,0,0,0,482985,0.0,0,5,0.0,0.0,mobile
14,12,4G_LTE,0,0,481856,0,481857,0.0,0,4,1854077.0,0.0,mobile
15,12,4G_NON_LTE,0,0,477421,0,477422,0.0,0,2,919507.0,0.0,mobile
0,46,Cable,0,0,10852,10840,17428,0.0,0,8,10877.0,10858.0,business
1,46,Fiber,550,0,3557,3041,35443,554.0,0,32,3574.0,3057.0,business
2,46,Fixed Wireless,9800,0,11713,10333,35759,9800.0,0,23,11713.0,10333.0,business
3,46,Other,1,0,24,23,96,1.0,0,8,24.0,23.0,business
4,46,Satellite,0,0,84873,0,85163,0.0,0,4,84873.0,0.0,business
5,46,aDSL,0,0,95,0,42826,0.0,0,31,95.0,0.0,business
6,46,Cable,0,0,17423,17416,17428,0.0,0,8,21837.0,21818.0,consumer
7,46,Fiber,12517,0,34716,34239,35448,12575.0,0,27,35252.0,34692.0,consumer
8,46,Fixed Wireless,3180,0,19885,18046,36379,3180.0,0,27,24069.0,18046.0,consumer
9,46,Satellite,0,0,85163,0,88360,0.0,0,3,91840.0,0.0,consumer
10,46,aDSL,0,0,22358,4987,43036,0.0,0,28,22812.0,4987.0,consumer
11,46,2G,0,0,0,0,85775,0.0,0,9,0.0,0.0,mobile
12,46,3G,0,0,0,0,88263,0.0,0,10,0.0,0.0,mobile
13,46,4G_LTE,0,0,87095,0,87096,0.0,0,9,224563.0,0.0,mobile
14,46,4G_NON_LTE,0,0,87894,0,87895,0.0,0,2,87914.0,0.0,mobile
0,28,Cable,0,0,7819,7254,48762,0.0,0,17,12625.0,12058.0,business
1,28,Fiber,1320,0,1384,1373,44876,1345.0,0,28,1425.0,1414.0,business
2,28,Fixed Wireless,0,0,10681,10680,12486,0.0,0,12,10681.0,10680.0,business
3,28,Other,5,0,5731,2917,6247,5.0,0,21,5746.0,2919.0,business
4,28,Satellite,0,0,165387,0,171778,0.0,0,4,165387.0,0.0,business
5,28,aDSL,0,0,9105,1672,18756,0.0,0,25,9963.0,1672.0,business
6,28,Cable,0,0,47516,46962,47517,0.0,0,10,52403.0,51847.0,consumer
7,28,Fiber,1826,0,3397,2628,4170,1832.0,0,12,3411.0,2642.0,consumer
8,28,Fixed Wireless,0,0,12062,12062,12853,0.0,0,13,12062.0,12062.0,consumer
9,28,Other,0,0,2827,2,2830,0.0,0,3,2827.0,2.0,consumer
10,28,Satellite,0,0,171778,0,171778,0.0,0,3,337165.0,0.0,consumer
11,28,aDSL,0,0,30854,12291,74758,0.0,0,19,32980.0,12323.0,consumer
12,28,2G,0,0,0,0,171595,0.0,0,6,0.0,0.0,mobile
13,28,3G,0,0,0,0,171768,0.0,0,5,0.0,0.0,mobile
14,28,4G_LTE,0,0,170912,0,170913,0.0,0,5,693613.0,0.0,mobile
15,28,4G_NON_LTE,0,0,169708,0,169709,0.0,0,2,229452.0,0.0,mobile
0,2,Cable,0,0,11,8,9359,0.0,0,6,13.0,10.0,business
1,2,Fiber,863,0,1833,1106,3634,868.0,0,11,1979.0,1122.0,business
2,2,Fixed Wireless,117,0,1901,1838,5747,117.0,0,13,1938.0,1838.0,business
3,2,Other,1,0,387,23,1479,1.0,0,6,387.0,23.0,business
4,2,Satellite,0,0,27019,0,38552,0.0,0,4,27019.0,0.0,business
5,2,aDSL,0,0,1853,1712,10620,0.0,0,15,1855.0,1712.0,business
6,2,Cable,0,0,8749,8632,9349,0.0,0,4,8751.0,8634.0,consumer
7,2,Fiber,110,0,422,422,472,110.0,0,5,422.0,422.0,consumer
8,2,Fixed Wireless,2,0,2337,490,8744,2.0,0,14,2368.0,490.0,consumer
9,2,Other,1,0,1,1,37,1.0,0,1,1.0,1.0,consumer
10,2,Satellite,0,0,30501,0,38552,0.0,0,3,40555.0,0.0,consumer
11,2,aDSL,0,0,3767,1685,10494,0.0,0,14,4404.0,1685.0,consumer
12,2,2G,0,0,0,0,29420,0.0,0,11,0.0,0.0,mobile
13,2,3G,0,0,0,0,25175,0.0,0,6,0.0,0.0,mobile
14,2,4G_LTE,0,0,17018,0,17019,0.0,0,4,39946.0,0.0,mobile
15,2,4G_NON_LTE,0,0,20481,0,20482,0.0,0,2,35357.0,0.0,mobile
16,2,Undefined,0,0,0,0,1367,0.0,0,1,0.0,0.0,mobile
0,10,Cable,0,0,4,2,16390,0.0,0,6,4.0,2.0,business
1,10,Fiber,3540,0,3555,3555,3558,3762.0,0,13,3827.0,3826.0,business
2,10,Fixed Wireless,0,0,0,0,2644,0.0,0,2,0.0,0.0,business
3,10,Other,3,0,46,40,418,3.0,0,12,51.0,43.0,business
4,10,Satellite,0,0,23241,0,24115,0.0,0,4,23241.0,0.0,business
5,10,aDSL,0,0,32,2,499,0.0,0,10,37.0,2.0,business
6,10,Cable,0,0,15788,15788,15790,0.0,0,3,15918.0,15918.0,consumer
7,10,Fiber,7121,0,7149,7149,7150,7121.0,0,1,7150.0,7150.0,consumer
8,10,Fixed Wireless,0,0,2644,0,2645,0.0,0,3,2735.0,0.0,consumer
9,10,Other,0,0,0,0,1,0.0,0,1,1.0,1.0,consumer
10,10,Satellite,0,0,24115,0,24115,0.0,0,3,47356.0,0.0,consumer
11,10,aDSL,0,0,0,0,10604,0.0,0,4,0.0,0.0,consumer
12,10,2G,0,0,0,0,24094,0.0,0,4,0.0,0.0,mobile
13,10,3G,0,0,0,0,24089,0.0,0,4,0.0,0.0,mobile
14,10,4G_LTE,0,0,24015,0,24016,0.0,0,4,92404.0,0.0,mobile
15,10,4G_NON_LTE,0,0,23813,0,23814,0.0,0,2,39803.0,0.0,mobile
0,50,Cable,0,0,0,0,13010,0.0,0,4,0.0,0.0,business
1,50,Fiber,3740,0,3774,3746,4032,4012.0,0,17,4058.0,4028.0,business
2,50,Fixed Wireless,0,0,296,1,3860,0.0,0,6,296.0,1.0,business
3,50,Other,1,0,192,192,346,1.0,0,5,206.0,205.0,business
4,50,Satellite,0,0,28390,0,32580,0.0,0,4,28390.0,0.0,business
5,50,aDSL,44,0,1368,237,17767,44.0,0,13,1488.0,250.0,business
6,50,Cable,0,0,12765,12765,12766,0.0,0,4,12909.0,12909.0,consumer
7,50,Fiber,3204,0,3282,3212,3284,3204.0,0,12,3284.0,3212.0,consumer
8,50,Fixed Wireless,0,0,471,232,16322,0.0,0,7,527.0,232.0,consumer
9,50,Satellite,0,0,32580,0,32580,0.0,0,3,60967.0,0.0,consumer
10,50,aDSL,1,0,8704,829,17991,1.0,0,10,9460.0,844.0,consumer
11,50,2G,0,0,0,0,28605,0.0,0,5,0.0,0.0,mobile
12,50,3G,0,0,0,0,30729,0.0,0,4,0.0,0.0,mobile
13,50,4G_LTE,0,0,31981,0,31982,0.0,0,6,114960.0,0.0,mobile
14,50,4G_NON_LTE,0,0,29798,0,29799,0.0,0,2,30977.0,0.0,mobile
0,78,Cable,0,0,4184,4155,4185,0.0,0,1,8340.0,4155.0,business
1,78,Fiber,4428,0,4428,4428,4429,4429.0,0,1,4429.0,4429.0,business
2,78,Fixed Wireless,2,0,39,13,4682,2.0,0,3,39.0,13.0,business
3,78,Other,0,0,0,0,4422,0.0,0,1,0.0,0.0,business
4,78,aDSL,0,0,0,0,4422,0.0,0,1,0.0,0.0,business
5,78,Cable,0,0,4184,4155,4185,0.0,0,1,8340.0,4155.0,consumer
6,78,Fiber,0,0,4428,4428,4429,0.0,0,1,4429.0,4429.0,consumer
7,78,Fixed Wireless,2,0,36,13,4682,2.0,0,3,36.0,13.0,consumer
8,78,Other,0,0,0,0,5,0.0,0,1,0.0,0.0,consumer
9,78,aDSL,0,0,0,0,4422,0.0,0,1,0.0,0.0,consumer
10,78,2G,0,0,0,0,4802,0.0,0,5,0.0,0.0,mobile
11,78,3G,0,0,0,0,4777,0.0,0,4,0.0,0.0,mobile
12,78,4G_LTE,0,0,4588,0,4589,0.0,0,3,8229.0,0.0,mobile
13,78,4G_NON_LTE,0,0,4370,0,4371,0.0,0,2,6417.0,0.0,mobile
0,15,Cable,0,0,1,1,14562,0.0,0,4,1.0,1.0,business
1,15,Fiber,275,0,560,370,3463,277.0,0,7,622.0,399.0,business
2,15,Fixed Wireless,2,0,5372,4941,5437,2.0,0,5,5379.0,4947.0,business
3,15,Other,2,0,422,414,511,2.0,0,4,437.0,424.0,business
4,15,Satellite,0,0,23622,0,24953,0.0,0,4,23622.0,0.0,business
5,15,aDSL,0,0,78,24,9231,0.0,0,6,79.0,25.0,business
6,15,Cable,0,0,14561,14561,14562,0.0,0,1,14562.0,14562.0,consumer
7,15,Fiber,3008,0,3067,3031,3072,3008.0,0,4,3076.0,3039.0,consumer
8,15,Fixed Wireless,2,0,9,9,442,2.0,0,2,9.0,9.0,consumer
9,15,Satellite,0,0,24953,0,24953,0.0,0,3,48546.0,0.0,consumer
10,15,aDSL,0,0,114,10,9274,0.0,0,4,115.0,10.0,consumer
11,15,2G,0,0,0,0,24400,0.0,0,5,0.0,0.0,mobile
12,15,3G,0,0,0,0,24604,0.0,0,5,0.0,0.0,mobile
13,15,4G_LTE,0,0,24203,0,24204,0.0,0,4,84885.0,0.0,mobile
14,15,4G_NON_LTE,0,0,23523,0,23524,0.0,0,2,39953.0,0.0,mobile
0,66,Cable,0,0,36,0,37,0.0,0,1,37.0,0.0,business
1,66,Fiber,0,0,0,0,475,0.0,0,1,0.0,0.0,business
2,66,Other,0,0,0,0,4,0.0,0,1,0.0,0.0,business
3,66,aDSL,0,0,0,0,3738,0.0,0,1,0.0,0.0,business
4,66,Cable,0,0,36,0,37,0.0,0,1,37.0,0.0,consumer
5,66,Fiber,0,0,474,0,475,0.0,0,1,475.0,0.0,consumer
6,66,Other,0,0,0,0,4,0.0,0,1,0.0,0.0,consumer
7,66,aDSL,0,0,3737,0,3738,0.0,0,1,3792.0,0.0,consumer
8,66,2G,0,0,0,0,3584,0.0,0,2,0.0,0.0,mobile
9,66,3G,0,0,0,0,3477,0.0,0,2,0.0,0.0,mobile
10,66,4G_LTE,0,0,3620,0,3621,0.0,0,4,11900.0,0.0,mobile
11,66,4G_NON_LTE,0,0,3584,0,3585,0.0,0,3,9297.0,0.0,mobile
0,44,Cable,0,0,7127,7127,7135,0.0,0,5,7382.0,7367.0,business
1,44,Fiber,4438,0,4449,4449,16840,5009.0,0,10,5047.0,5047.0,business
2,44,Fixed Wireless,24,0,24,24,25,24.0,0,2,24.0,24.0,business
3,44,Other,2,0,27,22,437,2.0,0,5,28.0,23.0,business
4,44,Satellite,0,0,23489,0,23489,0.0,0,4,23489.0,0.0,business
5,44,aDSL,0,0,21,0,11507,0.0,0,10,21.0,0.0,business
6,44,Cable,0,0,17387,17387,17388,0.0,0,3,18275.0,18275.0,consumer
7,44,Fiber,15928,0,15980,15980,15981,15932.0,0,2,15985.0,15985.0,consumer
8,44,Fixed Wireless,0,0,0,0,1,0.0,0,1,0.0,0.0,consumer
9,44,Satellite,0,0,23489,0,23489,0.0,0,3,46978.0,0.0,consumer
10,44,aDSL,0,0,0,0,11473,0.0,0,3,0.0,0.0,consumer
11,44,2G,0,0,0,0,25176,0.0,0,4,0.0,0.0,mobile
12,44,3G,0,0,0,0,25172,0.0,0,4,0.0,0.0,mobile
13,44,4G_LTE,0,0,25171,0,25172,0.0,0,4,96900.0,0.0,mobile
14,44,4G_NON_LTE,0,0,24685,0,24686,0.0,0,2,48586.0,0.0,mobile
0,60,Cable,0,0,0,0,9,0.0,0,1,0.0,0.0,business
1,60,Fiber,0,0,0,0,6,0.0,0,1,0.0,0.0,business
2,60,Fixed Wireless,0,0,0,0,6,0.0,0,1,0.0,0.0,business
3,60,aDSL,0,0,0,0,823,0.0,0,1,0.0,0.0,business
4,60,Cable,0,0,0,0,10,0.0,0,1,0.0,0.0,consumer
5,60,Fixed Wireless,0,0,0,0,14,0.0,0,1,0.0,0.0,consumer
6,60,aDSL,0,0,0,0,823,0.0,0,1,0.0,0.0,consumer
7,60,2G,0,0,0,0,456,0.0,0,1,0.0,0.0,mobile
8,60,3G,0,0,0,0,544,0.0,0,2,0.0,0.0,mobile
0,69,Fiber,0,0,670,0,671,0.0,0,1,671.0,0.0,business
1,69,Other,0,0,0,0,1143,0.0,0,1,0.0,0.0,business
2,69,aDSL,0,0,0,0,1128,0.0,0,1,0.0,0.0,business
3,69,Cable,0,0,0,0,7,0.0,0,1,0.0,0.0,consumer
4,69,Fiber,0,0,670,0,671,0.0,0,1,671.0,0.0,consumer
5,69,aDSL,0,0,0,0,1143,0.0,0,1,0.0,0.0,consumer
6,69,2G,0,0,0,0,1218,0.0,0,1,0.0,0.0,mobile
7,69,4G_LTE,0,0,288,0,289,0.0,0,1,289.0,0.0,mobile
8,69,4G_NON_LTE,0,0,1221,0,1222,0.0,0,1,1222.0,0.0,mobile
